City,Lat,Lon,Max Temp,Humidity,Cloudiness,Wind Speed,Country,Date
Bambous Virieux,-20.34,57.76,75.2,60,40,16.11,MU,1597305750
Punta Arenas,-53.15,-70.92,30.2,86,88,10.29,CL,1597305750
Rikitea,-23.12,-134.97,69.85,77,60,16.15,PF,1597305750
Bethel,41.37,-73.41,71.6,83,20,4.29,US,1597305751
Harper,4.38,-7.72,75.2,69,47,4.43,LR,1597305751
Butaritari,3.07,172.79,81.99,65,8,6.53,KI,1597305751
Port Hardy,50.7,-127.42,48.2,100,75,4.7,CA,1597305752
Tenabo,20.05,-90.23,76.33,83,97,2.3,MX,1597305752
Nandu,22.85,110.82,79.86,85,100,3.49,CN,1597305753
Anantapur,14.68,77.6,82.18,65,100,20.83,IN,1597305753
Hobart,-42.88,147.33,54.0,81,75,5.82,AU,1597305621
Atuona,-9.8,-139.03,78.1,79,6,16.53,PF,1597305754
Cabo San Lucas,22.89,-109.91,86.0,67,46,9.75,MX,1597305678
Remedios,22.49,-79.55,77.0,94,40,1.12,CU,1597305755
Camacha,33.08,-16.33,71.6,73,40,10.29,PT,1597305756
Ilulissat,69.22,-51.1,39.2,93,93,13.87,GL,1597305527
Puerto Nariño,-3.77,-70.38,73.4,100,100,2.98,CO,1597305756
Grahamstown,-33.3,26.53,52.66,53,37,28.03,ZA,1597305757
Thinadhoo,0.53,72.93,83.01,66,29,1.28,MV,1597305609
Cape Town,-33.93,18.42,62.01,76,40,2.24,ZA,1597305683
Bengkulu,-3.8,102.27,84.42,67,100,6.73,ID,1597305757
Brae,60.4,-1.35,55.4,100,90,8.05,GB,1597305758
Cidreira,-30.18,-50.21,56.14,95,100,6.93,BR,1597305758
Busselton,-33.65,115.33,61.0,47,44,7.34,AU,1597305758
La Ronge,55.1,-105.28,53.6,93,20,3.36,CA,1597305758
Sinnamary,5.38,-52.95,76.78,87,94,7.0,GF,1597305759
George Town,5.41,100.34,89.6,59,20,5.82,MY,1597305759
Jamestown,42.1,-79.24,64.4,72,1,5.82,US,1597305759
Pringsewu,-5.36,104.97,77.56,88,100,3.42,ID,1597305759
Thompson,55.74,-97.86,64.4,72,75,3.36,CA,1597305759
Sur,22.57,59.53,93.9,52,0,7.78,OM,1597305760
Ushuaia,-54.8,-68.3,32.0,92,75,20.8,AR,1597305662
Tonekābon,36.82,50.87,82.4,65,20,9.17,IR,1597305760
Torbay,47.67,-52.73,66.0,93,20,12.75,CA,1597305761
Yelovo,57.05,54.92,60.12,55,40,7.43,RU,1597305761
East London,-33.02,27.91,62.6,48,20,31.09,ZA,1597305761
San Fernando del Valle de Catamarca,-28.47,-65.79,44.01,54,1,0.78,AR,1597305600
Conde,-7.26,-34.91,69.8,100,40,4.7,BR,1597305762
Saint Paul Harbor,57.79,-152.41,52.29,85,36,4.07,US,1597305762
Klaksvík,62.23,-6.59,51.8,93,90,6.93,FO,1597305762
Puerto Ayora,-0.74,-90.35,64.99,92,91,6.8,EC,1597305762
Albany,42.6,-73.97,66.0,75,88,3.31,US,1597305608
Mataura,-46.19,168.86,42.01,73,86,1.99,NZ,1597305763
Dzhebariki-Khaya,62.22,135.8,48.06,90,100,8.16,RU,1597305763
Arlit,18.74,7.39,90.05,42,4,7.38,NE,1597305763
Shizilu,35.17,118.83,87.28,84,100,13.09,CN,1597305764
Mersing,2.43,103.84,89.6,75,40,3.36,MY,1597305579
New Norfolk,-42.78,147.06,53.01,84,99,1.99,AU,1597305764
Beringovskiy,63.05,179.32,53.35,72,100,10.38,RU,1597305764
Lishan,31.86,113.3,90.91,71,100,13.24,CN,1597305765
Tapes,-30.67,-51.4,56.28,97,100,5.88,BR,1597305685
Rio Grande,-32.03,-52.1,50.0,96,100,9.06,BR,1597305469
Korla,41.76,86.15,89.96,15,84,3.98,CN,1597305765
Pisco,-13.7,-76.22,52.0,87,0,2.24,PE,1597305766
Mumbai,19.01,72.85,86.0,79,75,12.75,IN,1597305766
Port Alfred,-33.59,26.89,59.85,56,97,31.72,ZA,1597305766
Marrakesh,31.63,-8.01,69.8,68,0,4.7,MA,1597305661
Inyonga,-6.72,32.07,79.56,33,81,7.25,TZ,1597305767
Broome,42.25,-75.83,60.01,100,100,1.95,US,1597305767
Flin Flon,54.77,-101.86,60.51,96,100,6.49,CA,1597305767
Araouane,18.9,-3.53,91.31,42,8,5.37,ML,1597305767
Krasnoarmeysk,51.02,45.7,69.01,57,0,5.99,RU,1597305768
Tanabe,33.73,135.37,86.0,84,40,8.05,JP,1597305768
Berlevåg,70.86,29.09,50.0,87,75,6.93,NO,1597305768
Bluff,-46.6,168.33,42.01,73,68,1.99,NZ,1597305769
Avarua,-21.21,-159.78,71.6,73,1,16.11,CK,1597305769
Ribeira Grande,38.52,-28.7,66.2,77,20,6.93,PT,1597305769
Daru,-9.08,143.21,78.17,85,100,17.47,PG,1597305770
Umluj,25.02,37.27,90.21,50,0,8.12,SA,1597305770
Dikson,73.51,80.55,54.05,67,60,13.71,RU,1597305770
Chui,-33.7,-53.46,39.36,78,0,2.15,UY,1597305771
Flinders,-34.58,150.86,66.0,61,0,1.99,AU,1597305771
Geraldton,-28.77,114.6,64.4,59,12,10.29,AU,1597305771
Tromsø,69.65,18.96,51.8,87,40,11.41,NO,1597305574
Port Elizabeth,-33.92,25.57,57.2,71,75,17.22,ZA,1597305772
Saint-Médard-en-Jalles,44.9,-0.72,70.0,94,100,14.99,FR,1597305772
Carutapera,-1.2,-46.02,75.97,91,0,7.38,BR,1597305772
Kruisfontein,-34.0,24.73,57.0,78,99,5.99,ZA,1597305773
Qaanaaq,77.48,-69.36,34.36,82,100,9.75,GL,1597305773
Kapaa,22.08,-159.32,80.6,74,90,17.22,US,1597305773
Xincheng,33.63,115.18,88.48,79,96,10.49,CN,1597305773
Mahébourg,-20.41,57.7,75.2,60,40,16.11,MU,1597305665
Iqaluit,63.75,-68.51,44.6,66,75,3.47,CA,1597305774
Virginia Beach,36.85,-75.98,78.01,88,20,6.96,US,1597305774
Tazovsky,67.47,78.7,55.2,83,97,13.76,RU,1597305774
Tiksi,71.69,128.87,39.34,89,99,14.58,RU,1597305774
Yerbogachën,61.28,108.01,69.33,71,69,12.93,RU,1597305775
Vanimo,-2.67,141.3,83.1,73,9,5.28,PG,1597305775
Faya,18.39,42.45,82.4,31,16,4.7,SA,1597305775
Turukhansk,65.82,87.98,83.75,37,52,11.48,RU,1597305776
Yar-Sale,66.83,70.83,58.86,49,3,11.92,RU,1597305738
Mar del Plata,-38.0,-57.56,41.0,74,7,16.11,AR,1597305491
Ostrovnoy,68.05,39.51,48.69,75,86,15.43,RU,1597305776
Hermanus,-34.42,19.23,59.0,61,29,4.0,ZA,1597305777
Saskylakh,71.92,114.08,45.27,63,62,13.51,RU,1597305777
Syracuse,37.09,15.28,87.8,43,0,3.36,IT,1597305777
Caceres,39.52,-6.37,71.01,60,0,1.01,ES,1597305778
Pangnirtung,66.15,-65.71,44.65,75,88,4.0,CA,1597305778
Najrān,17.49,44.13,96.8,20,30,4.7,SA,1597305778
Yangi Marg`ilon,40.43,71.72,84.2,18,60,9.17,UZ,1597305778
Port Lincoln,-34.73,135.87,57.58,73,44,13.78,AU,1597305779
Dongsheng,39.82,109.98,84.29,18,0,17.63,CN,1597305779
Ancud,-41.87,-73.82,44.01,100,90,4.7,CL,1597305779
Manokwari,-0.87,134.08,81.54,78,100,6.69,ID,1597305780
Kālīnagar,28.62,80.1,78.73,94,100,14.34,IN,1597305780
Lavrentiya,65.58,-171.0,49.08,77,94,7.99,RU,1597305780
Douglas,41.3,-96.17,75.2,88,1,4.7,US,1597305776
Derzhavīnsk,51.1,66.32,62.89,65,100,8.43,KZ,1597305781
Saint-Philippe,-21.36,55.77,75.99,36,37,8.05,RE,1597305781
Takoradze,4.88,-1.76,75.16,77,44,3.0,GH,1597305781
Arraial do Cabo,-22.97,-42.03,71.69,84,52,28.34,BR,1597305605
Khovd,48.01,91.64,73.99,26,68,5.82,MN,1597305782
Leningradskiy,69.38,178.42,48.31,84,95,5.17,RU,1597305782
Hithadhoo,-0.6,73.08,82.4,75,16,4.65,MV,1597305782
Qasigiannguit,68.82,-51.19,39.2,93,93,13.87,GL,1597305782
Tuatapere,-46.13,167.68,42.01,73,71,1.99,NZ,1597305783
Porto de Moz,-1.75,-52.24,72.91,91,44,3.71,BR,1597305783
Altay,47.87,88.12,80.55,19,93,11.14,CN,1597305783
Kununurra,-15.77,128.73,95.0,21,75,8.05,AU,1597305784
Waipawa,-41.41,175.52,51.8,81,78,9.17,NZ,1597305784
Bredasdorp,-34.53,20.04,57.2,67,62,5.82,ZA,1597305784
Karpathos,35.51,27.21,82.4,65,0,29.97,GR,1597305784
Sofiyivka,48.05,33.87,69.8,43,40,11.18,UA,1597305785
Aklavik,68.22,-135.01,50.0,100,90,4.7,CA,1597305722
Talara,-4.58,-81.27,62.33,85,96,15.82,PE,1597305785
Jacaleapa,14.02,-86.67,63.54,96,75,2.68,HN,1597305785
Sambava,-14.27,50.17,75.42,54,1,12.91,MG,1597305786
Bat Yam,32.02,34.75,86.0,62,40,8.05,IL,1597305786
Khatanga,71.97,102.5,57.25,44,0,14.79,RU,1597305786
Tegul'det,57.31,88.17,80.01,44,6,7.67,RU,1597305787
Lüderitz,-26.65,15.16,63.99,35,0,12.39,NA,1597305787
Todos Santos,23.45,-110.22,78.01,87,22,1.99,MX,1597305787
Fort Myers Beach,26.45,-81.95,80.01,88,1,3.36,US,1597305522
Dawei,14.08,98.2,80.37,84,100,9.57,MM,1597305788
Severo-Kuril'sk,50.68,156.12,50.43,90,100,11.32,RU,1597305788
Bull Savanna,17.89,-77.59,75.6,81,20,3.0,JM,1597305789
Sobolevo,54.43,31.9,55.67,76,92,10.22,RU,1597305789
Bilibino,68.05,166.44,54.84,81,100,6.62,RU,1597305789
Rehnān,32.68,51.6,98.6,11,0,4.7,IR,1597305790
Upernavik,72.79,-56.15,41.4,83,100,19.64,GL,1597305790
Portland,45.52,-122.68,59.0,72,90,3.13,US,1597305584
Pudozh,61.81,36.53,57.72,56,84,4.36,RU,1597305790
Rengāli,21.63,84.05,89.6,70,75,5.97,IN,1597305791
Ciudad General Terán,25.27,-99.68,77.58,74,0,14.25,MX,1597305791
Dunedin,-45.87,170.5,43.0,69,100,8.34,NZ,1597305604
Hilo,19.73,-155.09,75.2,78,1,4.7,US,1597305608
Kiryat Gat,31.61,34.76,87.01,56,0,5.01,IL,1597305792
Dingle,11.0,122.67,81.72,84,100,2.28,PH,1597305792
Dalbandin,28.89,64.41,102.61,14,87,1.14,PK,1597305792
Tasiilaq,65.61,-37.64,39.2,86,0,13.87,GL,1597305792
Sakakah,29.97,40.21,91.4,26,0,8.05,SA,1597305793
Udachny,66.42,112.4,46.4,65,90,8.95,RU,1597305793
Sertã,39.81,-8.1,64.99,93,75,4.7,PT,1597305793
San Patricio,19.22,-104.7,78.33,78,100,4.34,MX,1597305793
Kolno,53.41,21.93,68.0,52,58,5.82,PL,1597305794
Elk Plain,47.05,-122.4,59.0,81,40,2.48,US,1597305794
Cairns,-16.92,145.77,77.0,65,40,6.93,AU,1597305497
Caravelas,-17.71,-39.25,68.22,89,0,4.52,BR,1597305794
Rawson,-43.3,-65.1,46.26,65,0,19.69,AR,1597305794
Chokurdakh,70.63,147.92,45.32,72,100,6.89,RU,1597305795
Ukiah,39.15,-123.21,66.2,37,1,2.17,US,1597305672
Pevek,69.7,170.31,41.92,96,100,2.48,RU,1597305795
Puerto Madryn,-42.77,-65.04,47.35,61,2,21.43,AR,1597305796
Summerville,33.02,-80.18,81.0,100,75,2.46,US,1597305601
Baraboo,43.47,-89.74,63.0,93,1,3.78,US,1597305796
Ola,59.58,151.28,57.25,83,32,3.51,RU,1597305796
Avera,33.19,-82.53,75.2,71,1,3.36,US,1597305797
Ahipara,-35.17,173.17,51.89,82,100,6.98,NZ,1597305797
São João da Barra,-21.64,-41.05,71.67,82,0,20.02,BR,1597305678
Puerto Carreño,6.19,-67.49,75.58,94,100,3.74,CO,1597305797
Benjamín Aceval,-24.97,-57.57,53.6,87,90,5.82,PY,1597305798
São Filipe,14.9,-24.5,77.38,81,100,7.36,CV,1597305798
Ushtobe,45.25,77.98,85.33,20,100,16.62,KZ,1597305798
Erzincan Province,39.75,39.5,78.8,36,0,2.24,TR,1597305799
Syas'stroy,60.14,32.57,58.37,65,98,4.99,RU,1597305799
Nishihara,26.18,127.76,89.6,62,40,12.75,JP,1597305799
Ust-Kuyga,70.02,135.6,50.07,57,100,20.94,RU,1597305799
Vila Velha,-20.33,-40.29,71.6,88,75,5.82,BR,1597305615
Puerto Escondido,15.85,-97.07,79.39,70,100,5.19,MX,1597305800
Provideniya,64.38,-173.3,49.55,79,100,6.33,RU,1597305800
Beshpagir,45.02,42.38,80.6,39,75,13.42,RU,1597305800
Vaini,-21.2,-175.2,69.8,94,75,9.17,TO,1597305801
Stromness,58.97,-3.3,55.4,100,90,8.05,GB,1597305801
Longyearbyen,78.22,15.64,50.0,71,75,4.7,SJ,1597305801
Rørvik,64.86,11.24,55.4,82,100,5.82,NO,1597305801
Waddān,29.16,16.14,86.04,31,0,8.16,LY,1597305801
Fare,-16.7,-151.02,77.59,82,0,16.08,PF,1597305802
Ponta do Sol,32.67,-17.1,71.6,64,20,9.17,PT,1597305802
Yeppoon,-23.13,150.73,77.0,53,0,5.82,AU,1597305802
Destin,30.39,-86.5,80.6,88,40,4.7,US,1597305802
Charters Towers,-20.1,146.27,75.16,51,0,13.82,AU,1597305803
Katsuura,35.13,140.3,91.4,66,75,8.05,JP,1597305803
Sitka,57.05,-135.33,53.6,81,75,3.36,US,1597305803
Nikolskoye,59.7,30.79,62.6,51,40,4.47,RU,1597305803
Ginir,7.13,40.7,70.84,64,17,1.63,ET,1597305804
Vrangel',42.73,133.08,74.55,73,98,1.95,RU,1597305804
Jackson,42.42,-122.83,68.0,40,1,3.36,US,1597305608
Salinópolis,-0.61,-47.36,78.42,87,1,10.31,BR,1597305804
Yellowknife,62.46,-114.35,62.6,72,90,10.29,CA,1597305648
Koslan,63.46,48.9,53.64,57,96,5.55,RU,1597305805
Te Anau,-45.42,167.72,36.86,87,72,4.85,NZ,1597305805
Salinas,36.68,-121.66,62.6,82,90,1.7,US,1597305729
Moba,33.23,105.02,75.04,48,0,5.19,CN,1597305806
Adrar,20.5,-10.07,91.31,36,24,7.36,MR,1597305806
Bowen,-20.02,148.23,77.0,61,0,8.05,AU,1597305806
Labuhan,-6.88,112.21,87.71,61,27,10.74,ID,1597305807
Sparks,39.53,-119.75,66.99,34,1,5.82,US,1597305807
Khangarh,29.92,71.16,100.4,53,0,13.87,PK,1597305807
Codrington,-38.27,141.97,53.02,90,2,7.96,AU,1597305807
Koumac,-20.57,164.28,67.84,73,0,12.68,NC,1597305808
Solnechnyy,50.72,136.63,73.44,55,29,2.64,RU,1597305808
Bilma,18.69,12.92,94.89,30,29,9.75,NE,1597305809
Yulara,-25.24,130.99,73.4,23,90,13.87,AU,1597305809
Krasnozerskoye,53.98,79.24,71.4,64,81,14.0,RU,1597305810
Hambantota,6.12,81.12,91.4,59,75,14.99,LK,1597305810
Nouakchott,18.09,-15.98,78.33,84,86,11.45,MR,1597305545
Miyako,39.64,141.95,81.32,67,22,4.5,JP,1597305811
San Vicente,-26.62,-54.13,57.51,100,98,1.57,AR,1597305811
Brigantine,39.41,-74.36,75.99,88,90,3.36,US,1597305811
Arrondissement de Nevers,46.92,3.33,68.0,77,64,5.82,FR,1597305811
Inhambupe,-11.78,-38.35,65.59,95,18,2.93,BR,1597305812
Eidsvåg,62.78,8.07,62.6,88,75,8.05,NO,1597305812
São Miguel do Araguaia,-13.28,-50.16,67.15,45,0,4.63,BR,1597305812
Nanortalik,60.14,-45.24,49.17,94,100,2.84,GL,1597305813
Verkhnevilyuysk,63.45,120.32,55.72,48,9,9.66,RU,1597305813
Olafsvik,64.89,-23.71,52.43,95,100,19.8,IS,1597305813
Karratha,-20.74,116.85,76.01,32,0,9.04,AU,1597305528
Awjilah,29.11,21.29,86.81,33,0,6.35,LY,1597305813
Carnarvon,-24.87,113.63,69.8,52,0,18.34,AU,1597305814
Storforshei,66.4,14.52,57.2,76,80,2.24,NO,1597305814
Lebu,-37.62,-73.65,48.74,84,92,4.76,CL,1597305815
Wawa,9.9,4.42,77.31,79,87,5.26,NG,1597305815
Tessalit,20.2,1.01,87.69,44,13,4.76,ML,1597305815
Kaitangata,-46.28,169.85,42.01,61,51,4.0,NZ,1597305815
Paungde,18.48,95.5,83.12,82,100,16.69,MM,1597305816
Kieta,-6.22,155.63,80.58,81,4,6.98,PG,1597305611
Kahului,20.89,-156.47,78.8,65,20,10.29,US,1597305816
Laguna,38.42,-121.42,73.4,43,1,5.82,US,1597305816
Myitkyina,25.38,97.4,77.45,96,100,1.72,MM,1597305816
Port-Gentil,-0.72,8.78,78.8,78,75,13.18,GA,1597305553
Marawi,8.0,124.29,75.0,93,100,1.01,PH,1597305817
Saint-Augustin,51.23,-58.65,63.59,94,69,6.31,CA,1597305817
Sault Ste. Marie,46.52,-84.33,64.4,72,1,3.36,CA,1597305817
Igrim,63.19,64.42,58.23,53,94,2.39,RU,1597305818
Paracuru,-3.41,-39.03,77.0,75,29,3.0,BR,1597305809
Pernem,15.72,73.8,81.27,80,100,11.9,IN,1597305818
Matadi,-5.82,13.45,74.93,66,100,4.52,CD,1597305818
Banepā,27.63,85.52,84.2,70,40,10.29,NP,1597305818
Norman Wells,65.28,-126.83,57.2,93,75,3.36,CA,1597305819
Kavaratti,10.57,72.64,86.0,70,40,9.17,IN,1597305819
Talnakh,69.49,88.4,80.6,39,0,22.37,RU,1597305819
Vung Tau,10.35,107.08,82.65,78,100,8.37,VN,1597305819
Barrow,71.29,-156.79,44.6,81,90,8.05,US,1597305820
Innisfail,-17.53,146.03,75.99,44,12,3.0,AU,1597305561
Rūdbār,30.15,62.6,102.65,8,6,7.7,AF,1597305820
Pauini,-7.71,-66.98,73.98,61,14,2.15,BR,1597305821
Castro,-24.79,-50.01,56.39,92,99,1.61,BR,1597305821
Tura,25.52,90.22,86.56,76,59,5.37,IN,1597305821
Hobyo,5.35,48.53,81.81,63,6,24.67,SO,1597305821
Owando,-0.48,15.9,82.27,64,43,6.29,CG,1597305822
Lac du Bonnet,50.25,-96.06,69.01,99,100,8.16,CA,1597305822
Pampa,35.54,-100.96,78.8,44,1,10.29,US,1597305823
San Cristobal,7.77,-72.22,65.28,91,73,3.0,VE,1597305823
Mount Gambier,-37.83,140.77,57.2,76,40,12.75,AU,1597305823
Vakhrushevo,55.23,61.72,64.4,48,40,2.24,RU,1597305823
Half Moon Bay,37.46,-122.43,60.8,82,1,3.36,US,1597305824
Meadow Lake,34.8,-106.54,80.6,28,90,5.82,US,1597305732
Faanui,-16.48,-151.75,76.71,84,3,17.27,PF,1597305824
Margate,51.38,1.39,73.0,83,100,1.01,GB,1597305824
Honningsvåg,70.98,25.97,50.38,74,85,4.23,NO,1597305825
Ambanja,-13.68,48.45,81.9,40,0,4.9,MG,1597305825
Atar,20.52,-13.05,86.68,50,0,5.64,MR,1597305825
Tigil',57.8,158.67,62.38,64,100,5.95,RU,1597305825
Constitución,-35.33,-72.42,46.18,82,0,6.67,CL,1597305826
Cherskiy,68.75,161.3,45.01,90,96,4.18,RU,1597305826
Manaure,11.78,-72.44,81.7,77,53,16.04,CO,1597305826
Correntina,-13.34,-44.64,61.48,82,0,4.38,BR,1597305826
Ginda,30.69,78.49,78.8,94,90,3.42,IN,1597305827
Baruun-Urt,46.68,113.28,61.09,79,96,18.37,MN,1597305827
Souillac,-20.52,57.52,75.2,60,40,16.11,MU,1597305664
Deputatsky,69.3,139.9,42.71,68,100,14.58,RU,1597305828
Esim,4.87,-2.24,76.24,74,4,0.27,GH,1597305828
Melfi,41.0,15.65,82.4,51,14,3.85,IT,1597305829
Lompoc,34.64,-120.46,57.2,93,90,5.46,US,1597305640
Borba,-4.39,-59.59,73.29,88,100,1.48,BR,1597305829
Tibacuy,4.35,-72.46,75.81,86,99,1.97,CO,1597305830
Nome,64.5,-165.41,48.2,81,40,8.05,US,1597305830
Kutum,14.2,24.67,78.19,62,23,12.21,SD,1597305830
Nizhniy Baskunchak,48.22,46.83,82.72,39,87,9.06,RU,1597305831
Olinda,-8.01,-34.86,73.4,94,75,3.36,BR,1597305658
Sabha,27.04,14.43,94.39,20,0,12.68,LY,1597305831
Grindavik,63.84,-22.43,50.0,100,90,23.04,IS,1597305831
Severobaykal'sk,55.65,109.32,65.21,65,100,2.3,RU,1597305832
Guerrero Negro,27.98,-114.06,72.3,62,0,10.47,MX,1597305832
Zhongxing,33.7,118.68,88.77,76,100,13.58,CN,1597305832
Mabaruma,8.2,-59.78,73.81,97,14,1.54,GY,1597305832
Hazorasp,41.32,61.07,86.0,30,8,6.93,UZ,1597305833
Katherine,-14.47,132.27,95.0,28,53,8.05,AU,1597305833
Sioux Lookout,50.1,-91.92,60.8,87,40,2.24,CA,1597305834
Ninghai,29.29,121.42,100.4,47,20,6.71,CN,1597305834
Kodinsk,58.69,99.18,81.41,40,83,3.76,RU,1597305834
Wuda,39.5,106.71,91.4,13,0,10.45,CN,1597305834
Bonfim,3.08,-59.95,74.41,88,49,1.9,BR,1597305834
Coyhaique,-45.58,-72.07,44.6,65,40,5.82,CL,1597305835
Mayo,38.89,-76.51,77.0,94,1,4.7,US,1597305835
Fairbanks,64.84,-147.72,53.6,93,20,1.16,US,1597305607
Ixtapa,20.7,-105.2,77.0,97,100,1.01,MX,1597305835
Kushima,31.46,131.23,91.4,79,40,10.29,JP,1597305836
Zonguldak,41.25,31.83,80.6,51,20,3.36,TR,1597305836
Westport,41.14,-73.36,77.0,69,20,6.93,US,1597305836
Kirakira,-10.45,161.92,79.99,82,86,9.28,SB,1597305836
Simi,9.57,-12.35,71.65,95,100,1.88,SL,1597305836
Philadelphia,39.95,-75.16,75.99,100,1,0.87,US,1597305718
Arrondissement de Bourges,47.25,2.42,70.0,93,83,5.82,FR,1597305837
Palmer,42.16,-72.33,69.01,93,20,3.36,US,1597305837
Asău,46.43,26.4,71.01,59,14,3.58,RO,1597305837
La Santisima Trinidad,-14.83,-64.9,68.54,88,0,2.91,BO,1597305838
Labytnangi,66.66,66.42,53.44,56,77,12.66,RU,1597305789
Sokoni,-6.43,39.55,80.6,74,40,5.82,TZ,1597305838
Kisangani,0.52,25.2,75.2,88,75,3.36,CD,1597305831
Hasaki,35.73,140.83,88.0,70,75,8.05,JP,1597305839
Andenes,69.31,16.12,57.2,87,75,6.93,NO,1597305839
Yārāda,17.65,83.27,82.4,88,90,5.82,IN,1597305839
Vostok,46.49,135.88,69.71,74,91,3.4,RU,1597305839
Paamiut,61.99,-49.67,44.53,88,1,11.12,GL,1597305839
Union,40.63,-74.27,78.8,83,1,4.65,US,1597305840
Okato,-39.2,173.88,53.01,70,100,0.36,NZ,1597305840
Mont-Dore,-22.28,166.58,68.0,68,75,2.24,NC,1597305840
Fort Nelson,58.81,-122.7,45.75,95,17,4.23,CA,1597305841
Votkinsk,57.05,53.99,62.01,69,84,1.99,RU,1597305841
Khuzdar,27.74,66.64,96.89,22,47,5.37,PK,1597305841
Banda Aceh,5.56,95.32,87.6,54,100,15.01,ID,1597305841
Marzuq,14.4,46.47,90.52,32,23,4.68,YE,1597305842
Plettenberg Bay,-34.05,23.37,57.34,65,59,18.01,ZA,1597305842
Qeshm,26.96,56.27,98.6,67,75,13.87,IR,1597305842
Along,28.17,94.77,77.86,90,100,0.96,IN,1597305842
Mthatha,-31.59,28.78,62.6,29,0,19.46,ZA,1597305843
Atikokan,48.76,-91.62,60.8,83,19,5.99,CA,1597305843
Camaná,-16.62,-72.71,55.71,77,51,6.2,PE,1597305843
Rocha,-34.48,-54.33,38.1,77,0,4.81,UY,1597305843
Bubaque,11.28,-15.83,79.25,83,82,13.44,GW,1597305843
Shumskiy,54.83,99.13,79.95,43,84,3.91,RU,1597305844
Cururupu,-1.83,-44.87,74.26,93,26,4.09,BR,1597305844
Gazojak,41.19,61.4,93.04,17,10,6.42,TM,1597305844
Imbituba,-28.24,-48.67,62.6,100,90,9.17,BR,1597305637
Namatanai,-3.67,152.43,81.45,78,100,5.95,PG,1597305845
Tabas,33.6,56.92,102.2,11,0,2.24,IR,1597305845
Kongsberg,59.67,9.65,68.0,82,100,1.43,NO,1597305845
Airai,-8.93,125.41,70.38,65,23,2.8,TL,1597305845
Taoudenni,22.68,-3.98,97.12,31,14,7.76,ML,1597305845
Kibre Mengist,5.88,38.98,69.42,69,91,3.27,ET,1597305846
Brufut,13.38,-16.75,75.2,100,75,8.43,GM,1597305846
College,64.86,-147.8,52.0,87,75,0.98,US,1597305846
Mapiripán,2.89,-72.13,72.79,96,82,2.62,CO,1597305846
Verāval,20.9,70.37,82.36,82,100,23.55,IN,1597305754
Craidorolţ,47.62,22.7,73.4,64,0,1.12,RO,1597305848
Mackay,-21.15,149.2,73.4,73,0,9.17,AU,1597305830
Saint-François,46.42,3.91,81.0,64,97,1.12,FR,1597305849
Shingū,33.73,135.98,86.0,84,40,8.05,JP,1597305849
Muzhi,65.37,64.67,54.3,53,79,14.45,RU,1597305850
Broken Hill,-31.95,141.43,68.0,32,90,8.05,AU,1597305850
Mount Isa,-20.73,139.5,91.4,14,0,8.05,AU,1597305811
Narsaq,60.92,-46.05,48.2,87,100,4.7,GL,1597305851
Amargosa,-13.03,-39.6,64.26,97,54,4.47,BR,1597305851
Gorontalo,0.54,123.06,86.86,52,0,4.52,ID,1597305851
Dillon,34.42,-79.37,75.2,94,75,2.71,US,1597305851
Miraflores,19.22,-98.81,60.8,38,75,4.7,MX,1597305851
Richards Bay,-28.78,32.04,73.4,42,0,13.42,ZA,1597305852
Kristinestad,62.27,21.38,64.49,63,40,3.09,FI,1597305852
Price,39.6,-110.81,64.4,17,1,8.05,US,1597305852
General Pico,-35.66,-63.76,40.59,56,0,7.07,AR,1597305852
Port Augusta,-32.5,137.77,61.0,82,75,1.12,AU,1597305853
Canmore,51.08,-115.35,44.01,93,1,4.7,CA,1597305652
Moses Lake,47.13,-119.28,62.6,58,1,3.36,US,1597305688
Mago,53.25,140.18,71.62,52,28,4.36,RU,1597305853
Rumoi,43.93,141.64,67.37,83,81,7.02,JP,1597305854
Ulaanbaatar,47.91,106.88,73.4,43,40,11.18,MN,1597305621
Makakilo City,21.35,-158.09,80.6,65,1,4.7,US,1597305854
Tahoua,14.89,5.27,80.6,78,65,6.93,NE,1597305854
Lazurne,46.08,32.53,69.8,46,40,13.42,UA,1597305855
Oberwart,47.29,16.21,79.0,72,0,1.99,AT,1597305855
Kavieng,-2.57,150.8,82.69,77,100,5.23,PG,1597305855
Quatre Cocos,-20.21,57.76,75.2,60,40,16.11,MU,1597305855
Isangel,-19.55,169.27,71.73,81,95,12.91,VU,1597305856
Nexø,55.06,15.13,69.8,64,48,6.93,DK,1597305856
Henties Bay,-22.12,14.28,55.0,89,1,3.0,NA,1597305856
Wanning,18.8,110.4,81.12,82,100,11.68,CN,1597305856
São Gabriel da Cachoeira,-0.13,-67.09,72.93,96,82,0.16,BR,1597305857
Kamaishi,39.27,141.88,84.2,54,40,11.41,JP,1597305857
Muroto-misakicho,33.28,134.15,89.6,75,40,10.29,JP,1597305632
Inuvik,68.35,-133.72,50.0,100,90,4.7,CA,1597305857
Hong Kong,22.29,114.16,88.0,80,0,11.99,HK,1597305746
Davila,18.47,120.58,87.8,74,40,8.05,PH,1597305858
Lingao,19.91,109.69,81.12,83,100,9.15,CN,1597305858
Gemeente Wageningen,51.97,5.67,78.01,65,90,2.24,NL,1597305806
Novyy Oskol,50.76,37.87,60.42,66,100,10.65,RU,1597305859
Erenhot,43.65,111.98,78.66,33,0,30.47,CN,1597305859
Payson,40.04,-111.73,71.6,26,1,10.29,US,1597305616
Nanhai,30.13,111.78,91.89,69,100,15.9,CN,1597305859
Kalmar,56.66,16.36,66.2,68,0,4.7,SE,1597305860
Araure,9.56,-69.21,73.4,100,96,5.82,VE,1597305860
Baghmara,23.8,86.21,93.24,56,70,9.62,IN,1597305860
Naze,28.37,129.48,87.8,74,75,10.29,JP,1597305861
Gainesville,29.65,-82.32,75.99,94,1,3.36,US,1597305833
Abhar,36.15,49.22,82.0,26,0,7.52,IR,1597305861
Sabang,5.89,95.32,83.61,71,100,20.56,ID,1597305861
Artigas,-30.4,-56.47,42.62,91,7,5.61,UY,1597305786
Kendari,-3.94,122.5,83.53,64,0,6.64,ID,1597305862
Ragonvalia,7.58,-72.48,60.39,86,86,5.53,CO,1597305862
Srednekolymsk,67.45,153.68,42.22,92,100,6.44,RU,1597305862
Freetown,8.48,-13.23,77.0,83,75,9.17,SL,1597305862
San Rafael del Sur,11.85,-86.44,78.8,83,20,4.7,NI,1597305862
Esperance,-33.87,121.9,57.2,82,75,13.87,AU,1597305863
Gomel,52.43,30.98,55.4,82,90,8.95,BY,1597305628
Leshukonskoye,64.9,45.76,50.23,82,100,3.47,RU,1597305863
Aden,12.78,45.04,84.29,76,0,10.11,YE,1597305710
Lucapa,-8.42,20.74,82.38,16,0,8.08,AO,1597305863
Tadine,-21.55,167.88,67.48,66,0,8.81,NC,1597305864
Chara,56.91,118.26,78.06,39,100,4.92,RU,1597305864
Pāsighāt,28.07,95.33,77.92,89,100,4.76,IN,1597305864
Egvekinot,66.32,-179.17,47.59,94,81,7.4,RU,1597305864
Hervey Bay,-25.3,152.85,69.01,82,0,3.0,AU,1597305583
Kaliningrad,54.71,20.51,68.0,60,0,4.47,RU,1597305865
Padang,-0.95,100.35,83.3,59,100,2.19,ID,1597305865
Belmonte,-15.86,-38.88,69.8,83,40,2.24,BR,1597305865
São Sebastião,-23.76,-45.41,70.36,62,100,3.65,BR,1597305866
Tashtagol,52.77,87.89,77.88,36,44,7.07,RU,1597305866
Makkah al Mukarramah,21.43,39.83,100.26,15,0,9.13,SA,1597305702
Rome,43.21,-75.46,61.0,87,1,2.06,US,1597305866
Phan Thiet,10.93,108.1,81.54,81,100,4.63,VN,1597305867
Aksarka,66.56,67.8,55.54,53,67,14.25,RU,1597305867
Xalpatlahuac,17.47,-98.62,58.37,87,100,1.66,MX,1597305867
Forsytheganj,52.63,29.73,62.33,61,36,8.46,BY,1597305868
Gazli,40.13,63.45,97.34,13,0,10.2,UZ,1597305868
Tuktoyaktuk,69.45,-133.04,47.7,84,100,6.15,CA,1597305868
Atasū,48.68,71.64,68.22,51,100,10.16,KZ,1597305869
Salalah,17.02,54.09,78.8,94,90,3.36,OM,1597305869
Burnie,-41.07,145.92,52.0,92,100,3.0,AU,1597305712
Hōfu,34.05,131.57,93.2,59,40,11.41,JP,1597305870
Bairiki Village,1.33,172.98,82.4,69,20,3.36,KI,1597305870
Sørland,67.67,12.69,57.2,76,40,6.93,NO,1597305870
Saldanha,-33.01,17.94,51.8,93,67,3.36,ZA,1597305870
Nador,35.17,-2.93,77.0,73,20,5.82,MA,1597305871
Hofn,64.25,-15.21,54.97,71,39,14.16,IS,1597305871
Acapulco de Juárez,16.86,-99.89,78.19,76,100,4.68,MX,1597305652
Ankazoabo,-22.28,44.52,83.53,23,0,3.62,MG,1597305872
Kuytun,54.34,101.5,79.59,45,12,4.79,RU,1597305872
Antalya Province,36.77,30.72,96.8,25,0,8.05,TR,1597305605
Bathsheba,13.22,-59.52,82.4,74,40,17.22,BB,1597305872
San Policarpo,12.18,125.51,84.49,71,46,3.47,PH,1597305873
Killybegs,54.63,-8.45,59.0,93,90,12.75,IE,1597305873
Peace River,56.25,-117.29,50.0,81,75,13.87,CA,1597305873
Chicama,-7.84,-79.15,58.93,88,99,3.31,PE,1597305873
Lata,40.16,-8.33,64.0,87,17,3.38,PT,1597305874
Aljezur,37.32,-8.8,70.0,75,0,9.28,PT,1597305874
Bandarbeyla,9.49,50.81,87.24,47,96,25.93,SO,1597305874
Kuruman,-27.45,23.43,52.0,44,0,1.01,ZA,1597305874
Ulagan,50.63,87.96,76.01,24,84,2.39,RU,1597305874
Coahuayana Viejo,18.73,-103.68,76.3,85,100,3.85,MX,1597305875
Sisimiut,66.94,-53.67,39.81,83,6,7.2,GL,1597305875
Pangkalanbuun,-2.68,111.62,90.12,56,92,3.89,ID,1597305875
‘Āhuimanu,21.44,-157.84,80.6,69,1,11.41,US,1597305875
Moyobamba,-6.05,-76.97,64.22,86,45,0.98,PE,1597305876
Steamboat Springs,40.48,-106.83,59.0,33,1,3.83,US,1597305876
Beloha,-25.17,45.05,79.9,31,0,4.32,MG,1597305876
Pāthardi,19.17,75.18,75.97,81,100,13.94,IN,1597305663
Morehead,37.27,-87.18,72.0,100,1,4.07,US,1597305877
Mossamedes,-15.2,12.15,69.12,70,0,2.3,AO,1597305877
Poya,-21.35,165.15,65.62,70,5,5.03,NC,1597305877
Herat Province,34.5,62.0,102.2,10,0,14.99,AF,1597305877
Örnsköldsvik,63.29,18.72,62.6,72,65,2.24,SE,1597305784
Araguaína,-7.19,-48.21,71.26,43,67,5.14,BR,1597305878
Vila Franca do Campo,37.72,-25.43,69.8,77,20,6.93,PT,1597305878
Biltine,14.53,20.92,82.99,63,25,4.41,TD,1597305878
La Paz,-16.5,-68.15,26.6,63,0,3.36,BO,1597305724
Vardø,70.37,31.11,48.2,76,20,10.29,NO,1597305879
Porto-Novo,6.5,2.6,73.4,100,40,5.82,BJ,1597305731
Desbiens,48.42,-71.95,62.6,77,20,8.05,CA,1597305879
Kulhudhuffushi,6.62,73.07,82.45,72,100,7.85,MV,1597305833
Anadyr,64.75,177.48,57.2,67,0,17.9,RU,1597305664
Luganville,-15.53,167.17,77.41,85,94,7.54,VU,1597305880
Alofi,-19.06,-169.92,73.4,88,72,3.36,NU,1597305880
Zholymbet,51.74,71.71,63.5,73,97,14.85,KZ,1597305880
Aksu,41.12,80.26,89.49,20,17,4.34,CN,1597305880
Luwuk,-0.95,122.79,84.33,64,55,6.6,ID,1597305881
Fortuna,40.6,-124.16,51.01,92,22,1.59,US,1597305723
Gannan,47.91,123.5,65.53,84,100,10.07,CN,1597305881
Cockburn Town,21.46,-71.14,82.49,82,100,20.2,TC,1597305882
Abu Kamal,34.45,40.92,98.26,21,0,15.3,SY,1597305882
Ulladulla,-35.35,150.47,62.6,63,0,8.05,AU,1597305882
Bara,10.37,10.73,77.7,78,100,8.95,NG,1597305882
Lockhart,28.62,-81.44,79.0,94,98,1.74,US,1597305883
Fuyu,45.18,124.82,66.04,96,100,22.32,CN,1597305883
Lonevåg,60.53,5.49,68.0,88,40,9.17,NO,1597305883
Zabul Province,32.25,67.25,93.38,10,0,10.18,AF,1597305884
Eyl,7.98,49.82,88.57,43,49,26.11,SO,1597305884
Limbang,4.75,115.0,87.8,62,75,4.7,MY,1597305884
Tignère,7.37,12.65,70.16,82,99,3.69,CM,1597305885
Shizunai-furukawachō,42.33,142.37,73.62,68,94,14.36,JP,1597305885
Grand Gaube,-20.01,57.66,73.99,58,1,11.01,MU,1597305886
Huarmey,-10.07,-78.15,58.57,87,94,7.76,PE,1597305886
Chengzhong,30.95,113.55,95.0,56,20,13.42,CN,1597305886
Cayenne,4.93,-52.33,73.4,100,64,5.32,GF,1597305619
Oyama,36.3,139.8,93.2,59,75,6.93,JP,1597305887
Ambilobe,-13.2,49.05,93.6,21,0,1.32,MG,1597305888
Seoul,37.57,126.98,89.6,70,90,3.36,KR,1597305888
Ternate,0.8,127.4,82.09,75,97,10.42,ID,1597305889
Novikovo,51.15,37.89,60.28,68,100,10.76,RU,1597305889
Humaitá,-7.51,-63.02,78.3,52,57,2.68,BR,1597305890
Nosy Varika,-20.58,48.53,73.36,57,5,8.59,MG,1597305890
Tual,-5.67,132.75,78.75,84,2,15.01,ID,1597305890
Clyde River,70.47,-68.59,46.4,75,90,5.82,CA,1597305891
Nola,40.92,14.53,82.4,65,34,2.24,IT,1597305891
Vorozhba,51.17,34.22,63.82,63,75,12.1,UA,1597305891
Akşehir,38.36,31.42,77.14,34,0,6.2,TR,1597305891
Maraã,-1.83,-65.37,73.44,93,100,1.57,BR,1597305892
Dwārka,22.24,68.97,83.77,79,100,24.99,IN,1597305892
Mindelo,16.89,-24.98,78.8,69,40,11.41,CV,1597305892
Ambon City,-3.7,128.18,79.9,71,55,10.78,ID,1597305892
Nouadhibou,20.93,-17.03,69.8,83,0,13.87,MR,1597305892
Front Royal,38.92,-78.19,72.0,96,100,3.65,US,1597305893
Loma Bonita,8.38,-80.17,80.01,99,100,6.76,PA,1597305893
Samarai,-10.62,150.67,78.17,86,100,16.15,PG,1597305894
Séguéla,7.96,-6.67,67.91,85,0,4.21,CI,1597305894
High Level,58.52,-117.14,51.8,100,90,6.93,CA,1597305894
Lircay,-12.99,-74.72,42.6,72,27,1.54,PE,1597305895
Honiara,-9.43,159.95,80.6,83,75,2.24,SB,1597305895
Cananéia,-25.01,-47.93,64.35,91,89,4.9,BR,1597305895
Mount Abu,24.59,72.71,75.99,94,100,12.71,IN,1597305895
Indianola,41.36,-93.56,73.0,92,82,6.89,US,1597305896
Nsawam,5.81,-0.35,73.4,88,35,5.82,GH,1597305896
Soyo,-6.13,12.37,73.74,75,92,6.55,AO,1597305896
Bereda,43.27,-7.54,62.01,100,80,3.0,ES,1597305896
Ranong,9.97,98.63,80.6,88,75,5.82,TH,1597305897
Rokytne,51.28,27.21,66.02,55,0,4.81,UA,1597305897
Kloulklubed,7.04,134.26,80.6,83,90,4.7,PW,1597305897
Nizhnyaya Tavda,57.67,66.17,64.06,50,28,9.44,RU,1597305897
King City,36.21,-121.13,66.99,52,0,2.44,US,1597305712
Churapcha,62.0,132.43,57.25,41,50,14.65,RU,1597305898
Timrå,62.49,17.33,64.99,77,0,0.36,SE,1597305898
Angoram,-4.06,144.07,80.11,84,62,4.85,PG,1597305898
Usinsk,65.99,57.53,50.58,63,100,14.18,RU,1597305899
Collie,-33.37,116.15,61.0,47,68,6.35,AU,1597305899
Port Moresby,-9.44,147.18,78.62,85,100,15.32,PG,1597305899
Konstantinovka,49.62,127.98,78.3,56,100,7.78,RU,1597305900
Cap Malheureux,-19.98,57.61,73.99,58,1,11.01,MU,1597305900
Buchanan,5.88,-10.05,71.6,94,75,6.29,LR,1597305900
Shemonaīkha,50.63,81.91,79.77,34,74,11.01,KZ,1597305901
Barcelos,41.54,-8.62,71.01,82,0,1.12,PT,1597305901
Havøysund,71.0,24.66,51.8,81,93,10.29,NO,1597305901
Presidencia Roque Sáenz Peña,-26.79,-60.44,49.75,59,85,3.42,AR,1597305901
Miyazu,35.53,135.18,87.8,70,40,9.17,JP,1597305902
Biak,-0.91,122.88,82.96,65,29,8.16,ID,1597305902
Djibo,14.1,-1.63,79.5,70,0,11.74,BF,1597305902
Port Macquarie,-31.43,152.92,63.0,82,29,3.4,AU,1597305902
Novaya Igirma,57.13,103.91,81.77,35,29,3.2,RU,1597305903
Nevers,46.99,3.16,68.0,77,99,5.82,FR,1597305903
Koshurnikovo,54.17,93.3,74.84,56,63,3.4,RU,1597305903
Nichinan,31.6,131.37,86.0,79,40,10.29,JP,1597305904
Chumikan,54.72,135.31,71.91,51,0,2.62,RU,1597305904
Atbasar,51.8,68.33,59.47,77,99,12.01,KZ,1597305904
Tabou,4.42,-7.35,75.4,67,14,3.04,CI,1597305904
Matagami,49.75,-77.63,53.6,93,1,1.19,CA,1597305905
Ati,13.22,18.34,76.33,83,98,8.39,TD,1597305905
Jaciara,-15.97,-54.97,68.41,46,56,3.06,BR,1597305905
Pozo Colorado,-23.49,-58.8,47.48,97,0,4.12,PY,1597305905
Barra de Tecoanapa,16.52,-98.75,79.45,78,100,2.91,MX,1597305906
